,locationalien_typehero_goalprompt,sub_prompt,response_txt,finish_reason
0," Imagine the plot for a new science fiction movie. The location is a space ship. Humans
               are fighting the Grey aliens. The hero of the movie intends to save the Earth. 
               Write the movie plot in 50 words or less. ","a space ship, Grey, save the Earth","

The space ship is in danger. Earth is being attacked by Grey aliens and the only hope lies with a brave human hero. With courage and determination, the hero must repel the alien assault and save the Earth before it is too late. Will the hero prevail or will the fate of humanity depend on the last hope?",stop
1," Imagine the plot for a new science fiction movie. The location is a space ship. Humans
               are fighting the Shape shifting aliens. The hero of the movie intends to save the Earth. 
               Write the movie plot in 50 words or less. ","a space ship, Shape shifting, save the Earth","

The crew of a space ship find themselves in a fight for the fate of Earth against shape shifting aliens. With no hope of getting reinforcements, the hero must rely on courage and wit to save the earth before it's too late. He must come up with a plan and risk everything for the sake of humanity. Will they make it out alive, or will they be overcome by the unexpected alien threat?",stop
2," Imagine the plot for a new science fiction movie. The location is the moon. Humans
               are fighting the Nordic aliens. The hero of the movie intends to save the human race. 
               Write the movie plot in 50 words or less. ","the moon, Nordic, save the human race","

The movie follows a brave human astronaut and his team of experts as they attempt to save humanity from a hostile Nordic alien race. With limited resources and time running out, the crew must find a way to defeat the aliens and protect the Earth before the aliens can use their advanced technology to take control of the moon. With intense action and spectacular special effects, the fight for the future of humanity takes place against the backdrop of the unforgiving lunar landscape.",stop
3," Imagine the plot for a new science fiction movie. The location is the moon. Humans
               are fighting the Shape shifting aliens. The hero of the movie intends to save the Earth. 
               Write the movie plot in 50 words or less. ","the moon, Shape shifting, save the Earth","

The world is under attack from the shape-shifting aliens, and humanity's only hope lies in a small group of courageous astronauts travelling to the moon. Upon arriving, they find the aliens have infiltrated the lunar base and the fight for survival has begun. With tension and uncertainty mounting, the heroes must find a way to save the Earth and their own fate, before it's too late.",stop
4," Imagine the plot for a new science fiction movie. The location is a space ship. Humans
               are fighting the Grey aliens. The hero of the movie intends to save the Earth. 
               Write the movie plot in 50 words or less. ","a space ship, Grey, save the Earth","

The crew of a space ship is sent on a mission to Earth to investigate a distress signal from a recent alien invasion. Led by the brave captain, the crew discovers a new breed of Grey aliens intent on destroying the planet. After a daring battle, they manage to defeat the aliens and save the Earth. But the price of victory is heavy as the crew members must make the ultimate sacrifice.",stop
5," Imagine the plot for a new science fiction movie. The location is the moon. Humans
               are fighting the Reptilian aliens. The hero of the movie intends to save the human race. 
               Write the movie plot in 50 words or less. ","the moon, Reptilian, save the human race","

A Sci-Fi movie set on a lunar base, where an epic battle between humans and Reptilian aliens takes place. The hero faces the intense fight and discovers a way to save mankind from the aliens' invasion. Despite overwhelming odds, the hero must find a way to drive the aliens away and protect humanity from extinction.",stop
6," Imagine the plot for a new science fiction movie. The location is the moon. Humans
               are fighting the Nordic aliens. The hero of the movie intends to save the Earth. 
               Write the movie plot in 50 words or less. ","the moon, Nordic, save the Earth","

The movie follows a brave human hero determined to save humanity from a war against Nordic aliens who have invaded the moon. Rallying his forces, the hero's mission is to find a rare mineral underneath the lunar surface which will help humanity create a weapon to defeat the aliens before they can invade the Earth. As the battle on the moon rages, the hero races against time to save humankind.",stop
7," Imagine the plot for a new science fiction movie. The location is the moon. Humans
               are fighting the Nordic aliens. The hero of the movie intends to save the Earth. 
               Write the movie plot in 50 words or less. ","the moon, Nordic, save the Earth","

The movie follows the story of an adventurous space exploration team who travel to the moon to save the human race from a species of Nordic aliens. Led by the brave hero, they stand bravely against the aliens in an attempt to restore peace and prevent them from destroying Earth. With limited resources and no help from Earth, they must find a way to survive and ultimately defeat the aliens, or else Earth may face its ultimate destruction.",stop
8," Imagine the plot for a new science fiction movie. The location is in outer space. Humans
               are fighting the Nordic aliens. The hero of the movie intends to save the Earth. 
               Write the movie plot in 50 words or less. ","in outer space, Nordic, save the Earth","

The humans of Earth are in peril, with their planet under constant attack by Nordic aliens. Enter our hero, a courageous space pilot determined to save his beloved home. With the help of allies both human and alien, he embarks on a daring mission to thwart the aliens and restore peace to the universe. In the end, the hero and his comrades triumph over the enemy forces and Earth is safe once again.",stop
9," Imagine the plot for a new science fiction movie. The location is the moon. Humans
               are fighting the Shape shifting aliens. The hero of the movie intends to save the human race. 
               Write the movie plot in 50 words or less. ","the moon, Shape shifting, save the human race","

After years of peaceful relations between Earth and an alien race, a group of shape-shifting aliens abducts a human team on the moon. The hero must brave the treacherous lunar terrain to battle the aliens and save humanity. He uncovers the aliens' true intentions, and it is up to him to stop them and protect the future of humanity.",stop
10," Imagine the plot for a new science fiction movie. The location is the moon. Humans
               are fighting the Grey aliens. The hero of the movie intends to save the Earth. 
               Write the movie plot in 50 words or less. ","the moon, Grey, save the Earth","

On the distant moon, a human squadron is desperate to fight their way against the Grey aliens attempting to take over Earth. Their leader, the hero, knows they will need her special powers to turn the tide of the war and to ultimately save the planet from the impending doom. In a seemingly hopeless situation, she leads her team to the far side of the moon in an all out battle to keep the enemy away from home.",stop
11," Imagine the plot for a new science fiction movie. The location is in outer space. Humans
               are fighting the Reptilian aliens. The hero of the movie intends to save the Earth. 
               Write the movie plot in 50 words or less. ","in outer space, Reptilian, save the Earth","

The humans of Earth have been under attack by Reptilian aliens for years, but nobody has been brave enough to confront them. The hero of the movie seeks out the aliens and finds a way to save the Earth. Armed with space-age weapons and amazing allies, he embarks on a mission to chase the Reptilian aliens and end their tyranny once and for all. It's a space adventure with galactic proportions!",stop
12," Imagine the plot for a new science fiction movie. The location is a space ship. Humans
               are fighting the Shape shifting aliens. The hero of the movie intends to save the human race. 
               Write the movie plot in 50 words or less. ","a space ship, Shape shifting, save the human race","

A group of humans find themselves in a space ship, battling a new species of aliens that have the power of shape shifting. The hero of the movie, a brave soldier, uses his wits and courage to devise a plan to save the human race from these relentless aliens. Will he succeed where many failed?",stop
13," Imagine the plot for a new science fiction movie. The location is in outer space. Humans
               are fighting the Grey aliens. The hero of the movie intends to save the Earth. 
               Write the movie plot in 50 words or less. ","in outer space, Grey, save the Earth","

The Earth is under attack by a ruthless alien species, the Grey aliens, and only one human stands a chance at saving it. The hero, a brave and intelligent space explorer, is determined to not only fight the aliens, but ultimately bring peace and harmony between both races. Armed with advanced technology, he embarks on a daring mission to defeat the aliens and restore peace to the universe.",stop
14," Imagine the plot for a new science fiction movie. The location is the moon. Humans
               are fighting the Shape shifting aliens. The hero of the movie intends to save the Earth. 
               Write the movie plot in 50 words or less. ","the moon, Shape shifting, save the Earth","

When a Shape-shifting alien race infiltrates the Moon's surface, a hero must brave the dangers of the hostile landscape to save Earth from destruction. With the help of an unlikely ally, the hero battles the aliens in a race against time to prevent their imminent takeover. Can he save the planet before it's too late?",stop
15," Imagine the plot for a new science fiction movie. The location is in outer space. Humans
               are fighting the Grey aliens. The hero of the movie intends to save the human race. 
               Write the movie plot in 50 words or less. ","in outer space, Grey, save the human race","

An evil race of Grey aliens has invaded the outer space of our solar system, determined to wipe out the human race.  With time quickly running out, it's up to one brave hero to seek out the ultimate weapon to destroy the Greys and save humanity. Equipped with only a spacecraft and his trusty AI companion, the hero embarks on a daring mission to find the weapon and win the battle for humanity.",stop
16," Imagine the plot for a new science fiction movie. The location is a space ship. Humans
               are fighting the Reptilian aliens. The hero of the movie intends to save the Earth. 
               Write the movie plot in 50 words or less. ","a space ship, Reptilian, save the Earth","

The movie follows a brave human hero on board a space ship who embarks on a mission to save the Earth from Reptilian aliens. Battling against an impossible enemy, and with limited resources and a ticking clock, the hero must step up to save the day and protect the planet from complete destruction.",stop
17," Imagine the plot for a new science fiction movie. The location is the moon. Humans
               are fighting the Grey aliens. The hero of the movie intends to destroy the alien home planet. 
               Write the movie plot in 50 words or less. ","the moon, Grey, destroy the alien home planet","

Humans are fighting a losing battle against the Grey aliens on the moon. When the hero discovers their home planet, they devise a plan to launch an attack that could bring the war to an end. With the help of a brave crew, they set off to the alien planet, risking their lives in order to save humanity. But will they make it in time to save the Earth?",stop
18," Imagine the plot for a new science fiction movie. The location is the moon. Humans
               are fighting the Nordic aliens. The hero of the movie intends to save the human race. 
               Write the movie plot in 50 words or less. ","the moon, Nordic, save the human race","

The humans of Earth are under threat from the Nordic aliens and the future of humanity hangs in the balance. On the moon, a brave hero stands alone against the alien forces. With the help of unexpected allies and incredible technology, the hero embarks on a daring mission to save humanity from the brink of extinction.",stop
19," Imagine the plot for a new science fiction movie. The location is a space ship. Humans
               are fighting the Reptilian aliens. The hero of the movie intends to save the Earth. 
               Write the movie plot in 50 words or less. ","a space ship, Reptilian, save the Earth","

The human race is desperately fighting to save the Earth from destruction by the Reptilian aliens. The hero embarks on an intergalactic journey in an advanced space ship, risking his life to collect powerful weapons which could be used to fight the aliens. With his courage and determination, he stands as the last hope of humanity in this fight for survival.",stop
20," Imagine the plot for a new science fiction movie. The location is a space ship. Humans
               are fighting the Shape shifting aliens. The hero of the movie intends to save the human race. 
               Write the movie plot in 50 words or less. ","a space ship, Shape shifting, save the human race","

The human race is on the brink of extinction, with an alien race of shape shifters ready to take over. When all hope is lost, a courageous hero sets out to save the day in his space ship. He must find a way to outsmart the aliens and protect the human race from complete destruction. He embarks on a dangerous journey that takes him across the galaxy and beyond, risking his own life to save humanity.",stop
21," Imagine the plot for a new science fiction movie. The location is a space ship. Humans
               are fighting the Nordic aliens. The hero of the movie intends to save the human race. 
               Write the movie plot in 50 words or less. ","a space ship, Nordic, save the human race","

The film follows a rebellious space cadet who discovers an evil Nordic alien race intent on destroying humanity. With the help of a ragtag team of space travelers, she must use her wits and skills to lead her crew in a daring mission to save the human race from certain destruction. ",stop
22," Imagine the plot for a new science fiction movie. The location is a space ship. Humans
               are fighting the Shape shifting aliens. The hero of the movie intends to save the human race. 
               Write the movie plot in 50 words or less. ","a space ship, Shape shifting, save the human race","

The space ship is taken over by mysterious aliens that can shape shift into any form. The humans are fighting for their lives against the alien force, while a brave hero discovers the source of their strength and tries to find a way to save the human race. He must use his knowledge and courage to defeat the aliens and restore peace in the universe.",stop
23," Imagine the plot for a new science fiction movie. The location is the moon. Humans
               are fighting the Grey aliens. The hero of the movie intends to destroy the alien home planet. 
               Write the movie plot in 50 words or less. ","the moon, Grey, destroy the alien home planet","

Jack is a human astronaut who travels to the moon on a mission to take down the Grey aliens. After gaining the trust of the locals, Jack learns of a secret portal that leads to the Grey alien's home planet. He rallies the humans together and launches a daring war against the aliens. After many fights and losses, Jack leads his army to the portal and launches a final battle against the aliens with a sacrificial mission to destroy their home planet. ",stop
24," Imagine the plot for a new science fiction movie. The location is the moon. Humans
               are fighting the Nordic aliens. The hero of the movie intends to save the human race. 
               Write the movie plot in 50 words or less. ","the moon, Nordic, save the human race","

The humans find out that the Nordic aliens are planning to take over the moon and use its resources to expand their empire. The hero, a brave astronaut, leads an ill-fated mission to the moon and engages in a battle with the aliens that could decide the fate of humanity. The mission requires unimaginable courage to gain victory and save the planet.",stop
25," Imagine the plot for a new science fiction movie. The location is the moon. Humans
               are fighting the Nordic aliens. The hero of the movie intends to destroy the alien home planet. 
               Write the movie plot in 50 words or less. ","the moon, Nordic, destroy the alien home planet","

Two human scientists are tasked with creating a weapon to destroy the enemy aliens' home planet located in a distant moon. When the humans arrive, they face unexpected challenges while being ambushed by the Nordic aliens. With courage and ingenuity on their side, the heroes fight to the end to save humanity by destroying the alien's home planet and their evil plans.",stop
26," Imagine the plot for a new science fiction movie. The location is the moon. Humans
               are fighting the Reptilian aliens. The hero of the movie intends to save the human race. 
               Write the movie plot in 50 words or less. ","the moon, Reptilian, save the human race","

The humans living on the moon face a dire threat when Reptilian aliens come to take over. But the brave hero is determined to fight back, and with the help of his friends, he embarks on a mission to save the planet. With their courage and resilience, they must find a way to defeat the aliens and save humanity before it's too late.",stop
27," Imagine the plot for a new science fiction movie. The location is the moon. Humans
               are fighting the Shape shifting aliens. The hero of the movie intends to save the human race. 
               Write the movie plot in 50 words or less. ","the moon, Shape shifting, save the human race","

The story follows a brave astronaut on a mission to the moon. He discovers an alien race that can change shape at will. The aliens seek to enslave humanity and the astronaut must fight to save the human race before it's too late. With the help of his comrades, he must use his courage, strength and cunning to outwit the aliens and liberate the planet.",stop
28," Imagine the plot for a new science fiction movie. The location is in outer space. Humans
               are fighting the Nordic aliens. The hero of the movie intends to destroy the alien home planet. 
               Write the movie plot in 50 words or less. ","in outer space, Nordic, destroy the alien home planet","

The hero of the movie is tasked with destroying the home planet of the Nordic aliens, who have invaded Earth. With the help of a small group of humans and their advanced technology, they journey into outer space and battle their way through the alien spaceship. At the end, they succeed in destroying the home planet, saving Earth from the alien threat.",stop
29," Imagine the plot for a new science fiction movie. The location is a space ship. Humans
               are fighting the Grey aliens. The hero of the movie intends to save the human race. 
               Write the movie plot in 50 words or less. ","a space ship, Grey, save the human race","

The story follows a brave Human space captain on a mission to save the human race. After a violent encounter with the Grey aliens, the Captain and her crew are left stranded on a space ship in the middle of hazardous cosmic radiation. With limited supplies and the Grey aliens close behind, the Captain must find a way to restore an old beacon and broadcast a frequency to shut down the aliens’ hive-mind to prevent their full-scale invasion of Earth. Will the humans prevail against their alien adversaries?",stop
30," Imagine the plot for a new science fiction movie. The location is a space ship. Humans
               are fighting the Shape shifting aliens. The hero of the movie intends to save the Earth. 
               Write the movie plot in 50 words or less. ","a space ship, Shape shifting, save the Earth","

In a desperate bid to save humanity from the Shape-shifting Aliens menacing Earth, a brave young hero embarks on a journey in a space ship to find a weapon that could destroy the aliens. Along the way, he must face danger, make difficult choices and fight to thwart the aliens’ menacing plans before it’s too late. Can he find the weapon and save the world?",stop
31," Imagine the plot for a new science fiction movie. The location is in outer space. Humans
               are fighting the Shape shifting aliens. The hero of the movie intends to save the Earth. 
               Write the movie plot in 50 words or less. ","in outer space, Shape shifting, save the Earth","

The movie follows Reg, a daring space explorer whose mission is to save Earth from a destructive alien species capable of shape-shifting. Unsuspecting to these aliens' hidden agenda, Reg must fight to stop their terrible plot while traveling through space to find a way back home and protect the planet. In the end, Reg succeeds in his mission and saves the human race.",stop
32," Imagine the plot for a new science fiction movie. The location is in outer space. Humans
               are fighting the Shape shifting aliens. The hero of the movie intends to save the Earth. 
               Write the movie plot in 50 words or less. ","in outer space, Shape shifting, save the Earth","

The movie is set in outer space where humans find themselves facing a dangerous alien species known as the Shape shifters. Our hero is determined to protect Earth and sets out on a suspenseful mission to stop the aliens from taking over. With the fate of the world in their hands, can the hero and their team find a way to defeat the Shape shifters and save humanity?",stop
33," Imagine the plot for a new science fiction movie. The location is a space ship. Humans
               are fighting the Nordic aliens. The hero of the movie intends to destroy the alien home planet. 
               Write the movie plot in 50 words or less. ","a space ship, Nordic, destroy the alien home planet","

The human resistance has just three days to save Earth from destruction by the Nordic aliens. With the help of a fearless Space Captain and a clever astro-pilot, they must make a daring journey through a dangerous comet storm to detonate a powerful experiment weapon on the aliens’ home planet. Can they make it in time and save their world?",stop
34," Imagine the plot for a new science fiction movie. The location is a space ship. Humans
               are fighting the Reptilian aliens. The hero of the movie intends to save the Earth. 
               Write the movie plot in 50 words or less. ","a space ship, Reptilian, save the Earth","

The human crew of a space ship is on a mission to save Earth from an alien invasion. Led by their brave commander, they must battle an evil Reptilian race intent on destroying Earth and all of humanity. With only a limited weapons supply and crew, they must fight cunningly and courageously to vanquish the aliens and keep the planet safe.",stop
35," Imagine the plot for a new science fiction movie. The location is a space ship. Humans
               are fighting the Grey aliens. The hero of the movie intends to save the human race. 
               Write the movie plot in 50 words or less. ","a space ship, Grey, save the human race","

The human race is on the brink of destruction, out-matched by the merciless Grey aliens. But one determined human aboard a space ship is determined to fight for humanity's survival, no matter the cost. Join him on an epic adventure as he battles the Grey aliens and risks life and limb to save the future of his people.",stop
36," Imagine the plot for a new science fiction movie. The location is the moon. Humans
               are fighting the Nordic aliens. The hero of the movie intends to save the Earth. 
               Write the movie plot in 50 words or less. ","the moon, Nordic, save the Earth","

On the moon, two civilizations battle for survival. For years, the Nordic aliens have sought to conquer Earth. Now, a team of humans must stand against these invaders before they annihilate the planet. With courage, teamwork and a determined hero to lead them, the humans fight to protect their home and ultimately restore peace to the planet.",stop
37," Imagine the plot for a new science fiction movie. The location is a space ship. Humans
               are fighting the Grey aliens. The hero of the movie intends to destroy the alien home planet. 
               Write the movie plot in 50 words or less. ","a space ship, Grey, destroy the alien home planet","

After accidentally discovering a portal to a Grey alien home planet, a team of human astronauts aboard a space ship embark on a mission to destroy the deadly world. The journey is fraught with peril as they battle aliens to ultimately reach their destination. In a final epic showdown, the hero must make the ultimate sacrifice to save humanity by destroying the planet.",stop
38," Imagine the plot for a new science fiction movie. The location is the moon. Humans
               are fighting the Grey aliens. The hero of the movie intends to destroy the alien home planet. 
               Write the movie plot in 50 words or less. ","the moon, Grey, destroy the alien home planet","

The moon is under attack by a race of Grey aliens with sinister intentions. A brave hero sets out to stop them once and for all by using their own advanced technology to turn their own home planet into a giant weapon to be used against them. With the fate of humanity in his hands, he risks everything in a daring mission to save the world.",stop
39," Imagine the plot for a new science fiction movie. The location is a space ship. Humans
               are fighting the Shape shifting aliens. The hero of the movie intends to save the human race. 
               Write the movie plot in 50 words or less. ","a space ship, Shape shifting, save the human race","

The human race is in peril as a fleet of alien shape-shifters have infiltrated a space ship deep in space. A brave space hero is recruited to lead a ragtag team of soldiers on a mission to take the aliens down and save humanity from extinction. Along the way, they face numerous challenges and must band together to protect the future of mankind.",stop
40," Imagine the plot for a new science fiction movie. The location is a space ship. Humans
               are fighting the Shape shifting aliens. The hero of the movie intends to save the Earth. 
               Write the movie plot in 50 words or less. ","a space ship, Shape shifting, save the Earth","

The crew of a small space ship, led by the intrepid hero, must battle a fierce army of alien shape-shifters. With Earth under threat of destruction, the brave humans must defeat the aliens before it's too late. As the fight begins, the hero must use his courage, intelligence, and strength to save the world - and humanity itself - from a merciless enemy.",stop
41," Imagine the plot for a new science fiction movie. The location is a space ship. Humans
               are fighting the Nordic aliens. The hero of the movie intends to save the Earth. 
               Write the movie plot in 50 words or less. ","a space ship, Nordic, save the Earth","

The brave and determined hero, Anna, is leading a team of astronauts to go onboard a space ship to fight against the Nordic aliens. Through unexpected challenges, they will face intense alien encounters and end up realizing that the survival of Earth is at stake. With no other choice but to take brave steps, Anna and her team must try to find a way to survive and save the planet before it's too late.",stop
42," Imagine the plot for a new science fiction movie. The location is a space ship. Humans
               are fighting the Shape shifting aliens. The hero of the movie intends to save the Earth. 
               Write the movie plot in 50 words or less. ","a space ship, Shape shifting, save the Earth","

The crew of a space ship is fighting against an alien species that is able to shape-shift and take human form in order to mask their true identity. With the fate of the Earth in the balance, the team's hero must use his knowledge and resourcefulness to discover the aliens' weakness before it's too late. Will he be able to save the human race or will the aliens prevail?",stop
43," Imagine the plot for a new science fiction movie. The location is the moon. Humans
               are fighting the Nordic aliens. The hero of the movie intends to save the Earth. 
               Write the movie plot in 50 words or less. ","the moon, Nordic, save the Earth","

The movie follows a brave astronaut, sent to the moon to stop an invasion of a Nordic alien race. Armed with cutting-edge technology and courage, she must fight a merciless enemy and figure out a way to save the Earth from disaster. A thrilling, suspenseful battle awaits her as she discovers the key to ending the invasion for good.",stop
44," Imagine the plot for a new science fiction movie. The location is in outer space. Humans
               are fighting the Shape shifting aliens. The hero of the movie intends to save the human race. 
               Write the movie plot in 50 words or less. ","in outer space, Shape shifting, save the human race","


In a distant corner of space, a human fleet races to save their race from an invasion by shape-shifting aliens. Led by their hero, the humans must prepare for battle, and do whatever it takes to win back their freedom from the invading forces. They must outwit, outmaneuver, and outfight the enemy - or else risk the end of humankind.",stop
45," Imagine the plot for a new science fiction movie. The location is the moon. Humans
               are fighting the Grey aliens. The hero of the movie intends to save the human race. 
               Write the movie plot in 50 words or less. ","the moon, Grey, save the human race","

The hero and a group of brave humans arrive on the moon to fight a powerful alien species, the Grey aliens, in an effort to save the human race. With courage and ingenuity, the humans fight fiercely against impossible odds, employing special technology and weapons to gain an advantage. Will they succeed in their mission, or will the Grey aliens prevail? Find out in this thrilling science fiction movie set on the moon.",stop
46," Imagine the plot for a new science fiction movie. The location is in outer space. Humans
               are fighting the Reptilian aliens. The hero of the movie intends to save the Earth. 
               Write the movie plot in 50 words or less. ","in outer space, Reptilian, save the Earth","

The human race is under attack by the fierce and enigmatic Reptilian aliens. With advanced technology, they threaten to take over Earth. Our hero, a brave and resourceful astronaut, takes on the fight to save humanity and restore peace to the universe. He must locate the enemy's secret base and find a way to defeat them before they are able to fulfill their sinister plans. Will our hero be able to defend our planet and protect our future?",stop
47," Imagine the plot for a new science fiction movie. The location is the moon. Humans
               are fighting the Grey aliens. The hero of the movie intends to save the human race. 
               Write the movie plot in 50 words or less. ","the moon, Grey, save the human race","

The hero must lead a team of courageous human astronauts to the moon in order to stop a sinister Grey alien army and save the human race. Despite overwhelming odds, the team must traverse the hostile lunar surface and track down the aliens' base before the aliens can unleash their ultimate weapon and threaten humanity for good. Will the hero be able to succeed and protect humankind?",stop
48," Imagine the plot for a new science fiction movie. The location is the moon. Humans
               are fighting the Shape shifting aliens. The hero of the movie intends to save the human race. 
               Write the movie plot in 50 words or less. ","the moon, Shape shifting, save the human race","

The movie follows the epic journey of a brave human hero trying to save the planet from a menacing race of shape-shifting aliens that have landed on the moon. With limited resources and allies, he must rely on his wits and courage to battle the aliens and save humanity from destruction. How will the heroic mission end?",stop
49," Imagine the plot for a new science fiction movie. The location is a space ship. Humans
               are fighting the Reptilian aliens. The hero of the movie intends to destroy the alien home planet. 
               Write the movie plot in 50 words or less. ","a space ship, Reptilian, destroy the alien home planet","

The space ship is commanded by a brave human captain and his crew of brave adventurers. Their mission is to travel to the alien homeworld and destroy it before the Reptilian aliens can enslave the rest of the universe. Along the way, they must endure many dangers, outsmart their enemies, and contain a massive threat that threatens to destroy them all. In the end, they must defeat the aliens and save the universe.",stop
50," Imagine the plot for a new science fiction movie. The location is in outer space. Humans
               are fighting the Shape shifting aliens. The hero of the movie intends to save the human race. 
               Write the movie plot in 50 words or less. ","in outer space, Shape shifting, save the human race","

The hero is Earth's last hope against the Shape shifting aliens, who are determined to take over the universe. Battling against insurmountable odds in outer space, the hero embarks on a mission to save humanity. With courage and intelligence, they must find a way to defeat the aliens and restore peace to the universe before it's too late.",stop
51," Imagine the plot for a new science fiction movie. The location is a space ship. Humans
               are fighting the Nordic aliens. The hero of the movie intends to destroy the alien home planet. 
               Write the movie plot in 50 words or less. ","a space ship, Nordic, destroy the alien home planet","

The movie follows the journey of a small human crew aboard a space ship, fighting against an alien race known as the Nordic aliens. The hero of the movie discovers that the aliens have a home planet and sets off to find it and ultimately destroy it. In the end, the hero and their team must battle the aliens in a desperate struggle to save humanity.",stop
52," Imagine the plot for a new science fiction movie. The location is the moon. Humans
               are fighting the Shape shifting aliens. The hero of the movie intends to destroy the alien home planet. 
               Write the movie plot in 50 words or less. ","the moon, Shape shifting, destroy the alien home planet","

The movie follows a team of brave humans who travel to the moon in search of an alien species, capable of taking any form. On the moon, they discover an alien spaceship with a portal to the alien's home planet. The humans must engineer a way to access the planet and destroy it before the aliens find them. Will they succeed or fall prey to the shape-shifting aliens?",stop
53," Imagine the plot for a new science fiction movie. The location is a space ship. Humans
               are fighting the Nordic aliens. The hero of the movie intends to save the human race. 
               Write the movie plot in 50 words or less. ","a space ship, Nordic, save the human race","

A human space exploration team is kidnapped and taken aboard a Nordic alien vessel. They find out that the aliens have been using human DNA in a mission to take over the universe. The hero rallies the humans to fight back and escape, ultimately saving the human race from destruction.",stop
54," Imagine the plot for a new science fiction movie. The location is the moon. Humans
               are fighting the Shape shifting aliens. The hero of the movie intends to save the human race. 
               Write the movie plot in 50 words or less. ","the moon, Shape shifting, save the human race","
A daring hero is determined to save humanity from a horde of shape shifting aliens on the Moon. He joins forces with a group of brave scientists to assemble a weapon powerful enough to defeat their foe. But, will they be able to prevent the aliens from conquering Earth? It’s up to this unlikely team to save the world from destruction.",stop
55," Imagine the plot for a new science fiction movie. The location is the moon. Humans
               are fighting the Reptilian aliens. The hero of the movie intends to save the human race. 
               Write the movie plot in 50 words or less. ","the moon, Reptilian, save the human race","

In the future, humanity is struggling to survive after an invasion by a powerful alien race, the Reptilians. The last hope for humanity lies in the hands of a brave astronaut sent to the Moon. With the help of a mysterious humanoid race from the past, he embarks on an epic quest to defeat the aliens and save the human race from destruction.",stop
56," Imagine the plot for a new science fiction movie. The location is the moon. Humans
               are fighting the Nordic aliens. The hero of the movie intends to destroy the alien home planet. 
               Write the movie plot in 50 words or less. ","the moon, Nordic, destroy the alien home planet","

The hero finds out that the Nordic aliens have built a powerful matriarchal army on the moon to take over the Earth. He gathers a team of expert soldiers and space scientists to fight the alien stronghold. With the help of cutting-edge technology and cunning battle strategy, they overcome the advanced alien weaponry and ultimately succeed in destroying the home planet, preventing the aliens from conquering Earth.",stop
57," Imagine the plot for a new science fiction movie. The location is in outer space. Humans
               are fighting the Reptilian aliens. The hero of the movie intends to save the human race. 
               Write the movie plot in 50 words or less. ","in outer space, Reptilian, save the human race","

The human race is under attack from the alien reptilian race. The hero and his team are sent on a mission to find a weapon to wipe out the threat and protect humanity from extinction. With time running out, they must brave dangerous and unknown regions of space to find the weapon and save their species before it's too late.",stop
58," Imagine the plot for a new science fiction movie. The location is in outer space. Humans
               are fighting the Shape shifting aliens. The hero of the movie intends to save the human race. 
               Write the movie plot in 50 words or less. ","in outer space, Shape shifting, save the human race","

The humans of Earth have sent a team of intrepid explorers to the far reaches of outer space to battle a race of shape-shifting aliens. In a last-ditch effort to save humanity, the unlikely hero must lead the charge and find a way to defeat the aliens and restore peace to the universe.",stop
59," Imagine the plot for a new science fiction movie. The location is a space ship. Humans
               are fighting the Nordic aliens. The hero of the movie intends to save the Earth. 
               Write the movie plot in 50 words or less. ","a space ship, Nordic, save the Earth","

The hero embarks on a mission in a spacecraft to protect Earth from Nordic aliens. With incredible courage and skill, they battle their way through space, facing dangerous creatures and aliens in pursuit of the ultimate goal - to save humanity and Earth from destruction. If our hero succeeds, humanity will be safe. But with the fate of the world in the balance, will they make it?",stop
60," Imagine the plot for a new science fiction movie. The location is a space ship. Humans
               are fighting the Nordic aliens. The hero of the movie intends to save the human race. 
               Write the movie plot in 50 words or less. ","a space ship, Nordic, save the human race","

In the year 20XX, a human space vessel is on a mission to save the human race from Nordic aliens. The craft is damaged and the crew's numbers are dwindling. The hero is the remaining survivor onboard, and must rely on his wits and the ship's resources to battle against the aliens and achieve his mission. With courage and determination, he succeeds in driving the aliens away and rescuing mankind.",stop
61," Imagine the plot for a new science fiction movie. The location is the moon. Humans
               are fighting the Grey aliens. The hero of the movie intends to destroy the alien home planet. 
               Write the movie plot in 50 words or less. ","the moon, Grey, destroy the alien home planet","

A human resistance group launches a daring mission to the moon in order to find a technological device that can destroy the Grey aliens' home planet. Led by their brave commander, the team faces an epic battle against an army of aliens, risking everything to save humanity. If successful, their mission would bring victory and a new era of peace.",stop
62," Imagine the plot for a new science fiction movie. The location is in outer space. Humans
               are fighting the Reptilian aliens. The hero of the movie intends to destroy the alien home planet. 
               Write the movie plot in 50 words or less. ","in outer space, Reptilian, destroy the alien home planet","

In the far reaches of space, a group of human freedom fighters do battle with the Reptilian aliens. They must stop the aliens from overrunning the universe, and so turn to the courageous hero to find a way to their home planet and destroy it, before the aliens make their final climactic move. Humanity's fate hangs in the balance, and only the hero can make a difference.",stop
63," Imagine the plot for a new science fiction movie. The location is the moon. Humans
               are fighting the Shape shifting aliens. The hero of the movie intends to destroy the alien home planet. 
               Write the movie plot in 50 words or less. ","the moon, Shape shifting, destroy the alien home planet","

The human race is threatened by a hostile alien species, shape-shifters, that are intent on wiping out humanity. Taking the battle to the moon, a courageous hero leads a mission to find and destroy the aliens' home planet. With lives in the balance, the hero must battle the aliens across space and time to save the future of humanity.",stop
64," Imagine the plot for a new science fiction movie. The location is in outer space. Humans
               are fighting the Nordic aliens. The hero of the movie intends to destroy the alien home planet. 
               Write the movie plot in 50 words or less. ","in outer space, Nordic, destroy the alien home planet","

The human race is in peril as a race of Nordic aliens threaten to take over Earth. In an extraordinary turn of events, a brave hero is able to take his spaceship on a daring mission to the alien's home planet. With a ragtag team of other courageous allies, they set off to put an end to the aliens and save humanity before it's too late.",stop
65," Imagine the plot for a new science fiction movie. The location is a space ship. Humans
               are fighting the Grey aliens. The hero of the movie intends to save the human race. 
               Write the movie plot in 50 words or less. ","a space ship, Grey, save the human race","

The humans aboard the space ship are facing extinction due to the merciless Grey aliens. Heroine Sally is a brave and determined engineer who devises a plan to save the crew and the human race. She hijacks the alien command center and uses her ingenuity to make a weapon from it. With the help of her allies, Sally fights the oppressive aliens and risks her own safety to save the human race.",stop
66," Imagine the plot for a new science fiction movie. The location is in outer space. Humans
               are fighting the Reptilian aliens. The hero of the movie intends to save the human race. 
               Write the movie plot in 50 words or less. ","in outer space, Reptilian, save the human race","

The movie follows a brave astronaut's mission to save the human race from an invasion of Reptillian aliens. After crash-landing on an abandoned spacecraft, they must fight their way through a host of dangerous obstacles in order to unlock the ship's secrets and fight off the Reptillian threat. Along the way, the hero discovers courage, hope, and the strength to save the Earth before it's too late.",stop
67," Imagine the plot for a new science fiction movie. The location is a space ship. Humans
               are fighting the Shape shifting aliens. The hero of the movie intends to save the human race. 
               Write the movie plot in 50 words or less. ","a space ship, Shape shifting, save the human race","

The human race is in danger of extinction, as a race of shape shifting aliens have infiltrated their space ship. The hero, an ordinary human, must defeat the aliens in order to save his people. With help from a resistance group, he leads a daring mission to battle the aliens, armed with courage and advanced technology. Our hero must battle the evil aliens and protect mankind before it is too late. Will he be triumphant or will he succumb to the alien forces?",stop
68," Imagine the plot for a new science fiction movie. The location is in outer space. Humans
               are fighting the Shape shifting aliens. The hero of the movie intends to save the Earth. 
               Write the movie plot in 50 words or less. ","in outer space, Shape shifting, save the Earth","

The humans discover a powerful alien force in deep space, which are shape shifting and amassing an army. The leader of the humans embarks on a mission to save Earth, recruiting a band of brave individuals and uncovering a long forgotten technology to fight against this alien race. Can the humans eradicate their enemy and save Earth before it is too late?",stop
69," Imagine the plot for a new science fiction movie. The location is the moon. Humans
               are fighting the Reptilian aliens. The hero of the movie intends to save the human race. 
               Write the movie plot in 50 words or less. ","the moon, Reptilian, save the human race","

The movie takes place on the moon, where humans have been pitted against the Reptilian aliens in a fight for survival. The hero of the movie embarks on a mission to find a way to stop the Reptilian forces and save humanity. With unlikely allies and limited resources, the hero must find a way to defeat the aliens before it's too late.",stop
70," Imagine the plot for a new science fiction movie. The location is a space ship. Humans
               are fighting the Shape shifting aliens. The hero of the movie intends to save the Earth. 
               Write the movie plot in 50 words or less. ","a space ship, Shape shifting, save the Earth","

On board a space ship, a group of humans join forces with an elite group of warriors in order to battle an alien race of shape shifters. With the fate of Earth in their hands, the crew must face off against their shape-shifting opponents and retrieve an invaluable artifact. Through daring courage, innovative tactics, and strength of will, the hero embarks on a journey to save Earth from destruction.",stop
71," Imagine the plot for a new science fiction movie. The location is a space ship. Humans
               are fighting the Shape shifting aliens. The hero of the movie intends to save the human race. 
               Write the movie plot in 50 words or less. ","a space ship, Shape shifting, save the human race","

The crew of a space ship is unaware of the shape shifting aliens aboard, and a brave hero must save the human race by discovering their true identity before it is too late. With deception and chaos gripping the ship, the hero must outwit the aliens and uncover their true intentions before it's too late.",stop
72," Imagine the plot for a new science fiction movie. The location is in outer space. Humans
               are fighting the Shape shifting aliens. The hero of the movie intends to save the Earth. 
               Write the movie plot in 50 words or less. ","in outer space, Shape shifting, save the Earth","

The movie follows the journey of a brave hero as he battles Shape shifting aliens in outer space in an effort to save Earth. With the fate of humanity hanging in the balance, the hero must use his wits, courage, and incredible strength to defeat the aliens and save the day. Will he succeed? Find out when you watch this thrilling science fiction adventure.",stop
73," Imagine the plot for a new science fiction movie. The location is a space ship. Humans
               are fighting the Reptilian aliens. The hero of the movie intends to destroy the alien home planet. 
               Write the movie plot in 50 words or less. ","a space ship, Reptilian, destroy the alien home planet","

The humans of Earth launch an attack on the Reptilian aliens by sending their leader, the hero, to infiltrate their home planet. He must find a way to overpower their advanced weaponry and activate a devastating weapon of destruction. As the mission reaches its climax, the hero must make a daring escape and save his people, and the entire galaxy, from the aliens' destruction.",stop
74," Imagine the plot for a new science fiction movie. The location is in outer space. Humans
               are fighting the Nordic aliens. The hero of the movie intends to save the Earth. 
               Write the movie plot in 50 words or less. ","in outer space, Nordic, save the Earth","

The human race faces an impending doom as they fight against the Nordic aliens for control of outer space. The heroic protagonist leads a group of brave individuals to battle the interstellar forces that threaten Earth's very existence. In a thrilling showdown the heroes must use their courage and intelligence to save the future of humanity and restore peace in the universe.",stop
75," Imagine the plot for a new science fiction movie. The location is in outer space. Humans
               are fighting the Grey aliens. The hero of the movie intends to destroy the alien home planet. 
               Write the movie plot in 50 words or less. ","in outer space, Grey, destroy the alien home planet","

The human hero leads a team on a bold mission to save humanity from the menacing Grey aliens. After discovering the location of the Grey's home planet, the crew embarks on a treacherous journey through the depths of outer space. Despite challenges and danger, the hero and his brave comrades must find a way to thwart the aliens' plans of destruction before it’s too late. Will they be able to stop the Grey aliens in time?",stop
76," Imagine the plot for a new science fiction movie. The location is a space ship. Humans
               are fighting the Nordic aliens. The hero of the movie intends to save the Earth. 
               Write the movie plot in 50 words or less. ","a space ship, Nordic, save the Earth","

An Earth space vessel, led by brave captain and crew, is on a mission to save humanity from the hostile Nordic aliens. As they face imminent destruction, the captain finds a way to outwit the aliens and save the Earth. With their courage and ingenuity, the crew battles against the aliens in a thrilling race against the clock to save mankind.",stop
77," Imagine the plot for a new science fiction movie. The location is a space ship. Humans
               are fighting the Shape shifting aliens. The hero of the movie intends to destroy the alien home planet. 
               Write the movie plot in 50 words or less. ","a space ship, Shape shifting, destroy the alien home planet","

After a destructive battle between humanity and the shape shifting aliens, a group of brave humans must embark on a daring mission to take on the alien forces on their home planet. With a courageous leader at the helm, they must use their wit and courage to outsmart the aliens, eventually finding a way to destroy their home planet and ending the battle once and for all.",stop
78," Imagine the plot for a new science fiction movie. The location is the moon. Humans
               are fighting the Shape shifting aliens. The hero of the movie intends to save the Earth. 
               Write the movie plot in 50 words or less. ","the moon, Shape shifting, save the Earth","

The aliens have come to the moon to acquire its vast resources, threatening the safety of Earth. Our protagonist races against time to discover their motives and stop them before they can gain a powerful weapon to conquer the planet. In a desperate attempt to save humanity, he must battle the shape-shifting aliens and unlock the secrets to the moon in order to save the Earth.",stop
79," Imagine the plot for a new science fiction movie. The location is in outer space. Humans
               are fighting the Shape shifting aliens. The hero of the movie intends to save the Earth. 
               Write the movie plot in 50 words or less. ","in outer space, Shape shifting, save the Earth","

The movie follows the heroic journey of a small group of humans sent to investigate a mysterious planet in outer space. When they arrive, they find themselves in the midst of an alien invasion led by a shape-shifting species. Together, the humans must devise a plan to save their planet from the aliens while battling the shape-shifters using their advanced technology to gain an edge. In the end, the humans must make the ultimate sacrifice to save the Earth.",stop
80," Imagine the plot for a new science fiction movie. The location is a space ship. Humans
               are fighting the Shape shifting aliens. The hero of the movie intends to destroy the alien home planet. 
               Write the movie plot in 50 words or less. ","a space ship, Shape shifting, destroy the alien home planet","

The human race is in peril after discovering a race of shape-shifting aliens who intend to take over the universe. Aboard a space-ship, the hero attempts to save the human race by demolishing the alien planet before they can make their attack. With courage and determination, the hero faces off against the alien forces and races against time to save the future of the human race.",stop
81," Imagine the plot for a new science fiction movie. The location is the moon. Humans
               are fighting the Reptilian aliens. The hero of the movie intends to destroy the alien home planet. 
               Write the movie plot in 50 words or less. ","the moon, Reptilian, destroy the alien home planet","

When an alien race of Reptilians invades the moon, humans must unify to fight against them. With help from a brave team of astronauts, the hero discovers a way to destroy the alien home planet and save humanity. With courage, ingenuity, and a last-ditch effort, they set off for the alien world, determined to change the fate of their species.",stop
82," Imagine the plot for a new science fiction movie. The location is in outer space. Humans
               are fighting the Nordic aliens. The hero of the movie intends to save the human race. 
               Write the movie plot in 50 words or less. ","in outer space, Nordic, save the human race","

In the distant future, the human race is threatened by Nordic aliens trying to take over Earth. An unlikely hero must go into outer space to battle them, and bring the humans to safety. With the help of another human and an unexpected ally, the hero must make the difficult journey and ultimately save humanity from destruction.",stop
83," Imagine the plot for a new science fiction movie. The location is a space ship. Humans
               are fighting the Nordic aliens. The hero of the movie intends to save the human race. 
               Write the movie plot in 50 words or less. ","a space ship, Nordic, save the human race","

The crew of the space ship is on a mission to save humanity from the Nordic aliens. The hero, a brave space explorer, leads the charge to defeat the aliens. In a nail-biting battle, the humans fight their way to success. With courage and teamwork, they are finally able to save the world and restore peace.",stop
84," Imagine the plot for a new science fiction movie. The location is the moon. Humans
               are fighting the Nordic aliens. The hero of the movie intends to save the human race. 
               Write the movie plot in 50 words or less. ","the moon, Nordic, save the human race","

The year is 2300, and the human race is fighting a fierce war against alien invaders from the Nordic planet. Humanity's last hope is a brave hero who must travel to the moon in a daring mission to find a way to defeat the aliens and save the human race. But will his courage and ingenuity be enough to face the alien menace?",stop
85," Imagine the plot for a new science fiction movie. The location is in outer space. Humans
               are fighting the Nordic aliens. The hero of the movie intends to destroy the alien home planet. 
               Write the movie plot in 50 words or less. ","in outer space, Nordic, destroy the alien home planet","

The Earth is under attack by a ruthless Nordic alien species. In a desperate effort to save humanity, a courageous 
space captain is tasked with finding and destroying the alien home planet. Along the way he is joined by a daring 
crew and faced with unexpected obstacles and adversaries who will stop at nothing to sabotage his mission.",stop
86," Imagine the plot for a new science fiction movie. The location is the moon. Humans
               are fighting the Nordic aliens. The hero of the movie intends to destroy the alien home planet. 
               Write the movie plot in 50 words or less. ","the moon, Nordic, destroy the alien home planet","

The humans have been fighting a war with the Nordic aliens for decades, protecting the solar system from their menace. Now they aim to end the war with a daring mission to the alien home planet on the moon. However, the heroes are met with immense resistance and must use all their courage and weapons to succeeds and ultimately destroy the alien home planet.",stop
87," Imagine the plot for a new science fiction movie. The location is a space ship. Humans
               are fighting the Reptilian aliens. The hero of the movie intends to save the human race. 
               Write the movie plot in 50 words or less. ","a space ship, Reptilian, save the human race","

The space ship is under attack by Reptilian aliens. An unlikely hero, a scientist who's been researching the aliens, steps in and risks their life to save humanity. As they battle the aliens, they must unlock the hidden secrets of space to find the ultimate weapon and defeat their enemies. With courage and luck, they will triumph and save the human race.",stop
88," Imagine the plot for a new science fiction movie. The location is in outer space. Humans
               are fighting the Shape shifting aliens. The hero of the movie intends to save the human race. 
               Write the movie plot in 50 words or less. ","in outer space, Shape shifting, save the human race","

The movie follows human astronaut John, who is sent into outer space on a mission to find and eliminate the deadly Shape shifting aliens threatening to destroy the human race. With the help of a group of allies, John embarks on a long journey to find and defeat the aliens and save humanity from destruction. Along the way, he discovers the courage and inner strength that he never knew he had. In the end, he discovers the power to save us all.",stop
89," Imagine the plot for a new science fiction movie. The location is in outer space. Humans
               are fighting the Shape shifting aliens. The hero of the movie intends to save the human race. 
               Write the movie plot in 50 words or less. ","in outer space, Shape shifting, save the human race","

The human race is in peril as the shape shifting aliens have invaded its space colony. Led by a determined hero, the humans fight back against the aliens, hoping to reclaim their freedom before it is too late. As the hero discovers the aliens' hidden weaknesses, a final epic battle will decide their destiny, and the fate of mankind.",stop
90," Imagine the plot for a new science fiction movie. The location is in outer space. Humans
               are fighting the Nordic aliens. The hero of the movie intends to save the Earth. 
               Write the movie plot in 50 words or less. ","in outer space, Nordic, save the Earth","

The humans have detected a massive fleet of Nordic aliens headed to Earth to wipe out the human race. The movie follows the exploits of the heroic protagonist as he embarks on a daring mission into outer space to fight the aliens and save the planet from destruction. He must rely on his courage and skills to outwit the enemy and restore peace to the universe.",stop
91," Imagine the plot for a new science fiction movie. The location is in outer space. Humans
               are fighting the Nordic aliens. The hero of the movie intends to save the human race. 
               Write the movie plot in 50 words or less. ","in outer space, Nordic, save the human race","

The humans of Earth are under attack by a Nordic alien race determined to take over the planet. Following a devastating battle on a distant planet, a brave human hero embarks on a daring mission to team up with unlikely allies to outsmart the aliens and save humanity from extinction. The quick-thinking hero must enlist the help of alien technology to outwit the invaders and help restore peace.",stop
92," Imagine the plot for a new science fiction movie. The location is a space ship. Humans
               are fighting the Grey aliens. The hero of the movie intends to save the human race. 
               Write the movie plot in 50 words or less. ","a space ship, Grey, save the human race","

The humans have been fighting the Grey aliens in a desperate attempt to save the human race. On-board their space ship, a brave hero leads the charge against their assailants, hoping to find a way to defeat them and win the war. As they battle against the forces of evil, their hope and bravery will be tested to the limits as they seek victory in the final battle.",stop
93," Imagine the plot for a new science fiction movie. The location is a space ship. Humans
               are fighting the Nordic aliens. The hero of the movie intends to destroy the alien home planet. 
               Write the movie plot in 50 words or less. ","a space ship, Nordic, destroy the alien home planet","

The galactic peace is threatened as a new alien species is determined to conquer the universe. An experienced pilot and his rag-tag team of brave heroes set out on a mission aboard a space ship to save humanity. They face terrifying challenges as they battle the Nordic aliens and aim to ultimately destroy their home planet - the only way to restore universal harmony.",stop
94," Imagine the plot for a new science fiction movie. The location is a space ship. Humans
               are fighting the Reptilian aliens. The hero of the movie intends to save the human race. 
               Write the movie plot in 50 words or less. ","a space ship, Reptilian, save the human race","

An unknown enemy has infiltrated the human-run space ship. It is soon revealed to be Reptilian aliens, intent on wiping out the human race. The hero of the movie, a brave and resourceful officer, must find a way to save humanity and defeat the aliens. Through bravery, cunning, and sheer force of will, he is able to outwit the aliens and gain control over the ship, ensuring the safety of all humans and restoring harmony to the universe.",stop
95," Imagine the plot for a new science fiction movie. The location is the moon. Humans
               are fighting the Nordic aliens. The hero of the movie intends to save the human race. 
               Write the movie plot in 50 words or less. ","the moon, Nordic, save the human race","

On the moon, humanity is fighting a losing battle against the Nordic aliens, led by their menacing leader. Our hero steps in and with help from some courageous allies, embarks on a mission to uncover the aliens' ultimate weapon and save humanity from extinction. With each step of their journey, the stakes are higher and the future of the human race hangs in the balance.",stop
96," Imagine the plot for a new science fiction movie. The location is in outer space. Humans
               are fighting the Nordic aliens. The hero of the movie intends to save the human race. 
               Write the movie plot in 50 words or less. ","in outer space, Nordic, save the human race","

A team of brave humans led by an unlikely hero journey to a distant corner of the universe to battle ruthless Nordic aliens, determined to take over the human race. Along the way, they face various obstacles and challenges, relying on their courage and strength of spirit to overcome them. In the end, the humans must band together to defeat the invaders and save their species from extinction.",stop
97," Imagine the plot for a new science fiction movie. The location is the moon. Humans
               are fighting the Nordic aliens. The hero of the movie intends to destroy the alien home planet. 
               Write the movie plot in 50 words or less. ","the moon, Nordic, destroy the alien home planet","

When a Nordic alien invades the moon and captures humans to create a new home planet, a brave hero, sent from Earth, must fight to save humanity by destroying the alien's planet and restoring peace to the universe. With support from those who remain free, the hero must battle their way through the alien's army of robots and creatures while unlocking the secrets to save the other captured humans.",stop
98," Imagine the plot for a new science fiction movie. The location is a space ship. Humans
               are fighting the Reptilian aliens. The hero of the movie intends to destroy the alien home planet. 
               Write the movie plot in 50 words or less. ","a space ship, Reptilian, destroy the alien home planet","

After generations of fighting, the humans have finally found the home planet of the Reptilian aliens. On board their space ship, the heroes must now find a way to destroy the planet before the aliens can enslave the galaxy. With the help of an unlikely ally, they devise a plan that will put an end to the conflict and save the human race.",stop
99," Imagine the plot for a new science fiction movie. The location is a space ship. Humans
               are fighting the Grey aliens. The hero of the movie intends to save the human race. 
               Write the movie plot in 50 words or less. ","a space ship, Grey, save the human race","

The human race is in danger of annihilation from a powerful alien race known as the Greys. To save humanity, a brave space pilot embarks on a daring mission aboard his space ship. Joined by a ragtag team of scientists, engineers, and warriors, he races against time to protect humanity from the Greys and save the future of our species.",stop
